delta_seg_amplitude,noise_level,mean_correlation,ssz_score,std_across_modes,is_consistent,interpretation,r_squared,n_timepoints
0.0,0.01,-0.013157720166091041,0.0,0.00720061889996376,False,No SSZ signature detected,0.9990628568234107,2161
0.01,0.01,0.13836876476826176,0.03853817892105567,0.007214820918174784,False,No SSZ signature detected,0.9988918741183583,2161
0.02,0.01,0.39999926139880654,0.11081934310162367,0.00722951130674377,False,No SSZ signature detected,0.9984022892044088,2161
