{
  "timestamp": "2025-12-08T01:23:17.435224",
  "n_timepoints": 4345,
  "modes": [
    1,
    2,
    3
  ],
  "eta_0": 0.7370828761482376,
  "mode_consistency": {
    "mean_delta_seg": 0.0001022482835347506,
    "std_delta_seg": 0.007394075111239409,
    "max_diff": 0.05729174835745865,
    "correlations": {
      "1_2": 0.40688093008593257,
      "1_3": 0.40656000183031676,
      "2_3": 0.40245459420299445
    },
    "mean_correlation": 0.40529850870641465,
    "is_consistent": "False",
    "ssz_score": 0.11436166539360353,
    "n_modes": 3,
    "n_timepoints": 4345
  },
  "classical_model": {
    "eta_0": 0.7370828761482376,
    "r_squared": 0.9983222002061404,
    "rmse": 0.18939853938353787,
    "aic": -43375.920188473734,
    "bic": -43368.44479514736
  },
  "ssz_model": {
    "eta_0": 0.7370828761482376,
    "ssz_params": {
      "beta_0": 0.00010224828353475068,
      "beta_1": -0.00017710522455900276,
      "beta_2": -2.3457926854829607e-05,
      "feature_0": "f107_norm",
      "feature_1": "kp_norm"
    },
    "r_squared": 0.9983222537883675,
    "rmse": 0.1893955150427834,
    "aic": -43370.33648098176,
    "bic": -43340.43490767629,
    "mode_consistency_score": 0.11436166539360353
  },
  "model_comparison": {
    "classical": {
      "r_squared": 0.9983222002061404,
      "rmse": 0.18939853938353787,
      "aic": -43375.920188473734,
      "bic": -43368.44479514736,
      "n_params": 1
    },
    "ssz": {
      "r_squared": 0.9983222537883675,
      "rmse": 0.1893955150427834,
      "aic": -43370.33648098176,
      "bic": -43340.43490767629,
      "n_params": 4,
      "mode_consistency_score": 0.11436166539360353
    },
    "delta_r_squared": 5.358222709972438e-08,
    "delta_rmse": -3.024340754470556e-06,
    "delta_aic": 5.583707491976384,
    "delta_bic": 28.009887471074762,
    "ssz_improvement": 5.367227843742266e-08,
    "preferred_model": "classical",
    "summary": "Classical model preferred: SSZ does not significantly improve fit or lacks mode consistency"
  },
  "summary": "\n============================================================\nSSZ SCHUMANN ANALYSIS SUMMARY\n============================================================\n\nData: 4345 time points\nModes analyzed: [1, 2, 3]\nCalibrated eta_0: 0.737083\n\nMode Consistency (SSZ Signature):\n  Mean delta_seg: 0.000102\n  Std across modes: 0.007394\n  SSZ score: 0.1144\n  Consistent: False\n\nClassical Model:\n  R\u00b2: 0.9983\n  RMSE: 0.1894 Hz\n  AIC: -43375.9\n\nSSZ Model:\n  R\u00b2: 0.9983\n  RMSE: 0.1894 Hz\n  AIC: -43370.3\n  beta_0: 0.000102\n  beta_1: -0.000177\n\nModel Comparison:\n  Preferred: classical\n  Delta R\u00b2: +0.0000\n  Delta AIC: +5.6\n\n============================================================"
}